{"cameraMode":{"drawMode":0,"name":"Shaded","section":"Shading Mode"},"sceneLighting":false,"audioPlay":false,"sceneViewState":{"m_AlwaysRefresh":false,"showFog":true,"showSkybox":false,"showFlares":true,"showImageEffects":true,"showParticleSystems":true,"showVisualEffectGraphs":true,"m_FxEnabled":true},"in2DMode":false,"pivot":{"x":-1.9771453142166138,"y":1.1999998092651368,"z":-0.03854665160179138},"rotation":{"x":0.07394372671842575,"y":0.7140042185783386,"z":-0.07637060433626175,"w":0.6920694708824158},"size":2.09310245513916,"orthographic":true}