{"cameraMode":{"drawMode":0,"name":"Shaded","section":"Shading Mode"},"sceneLighting":true,"audioPlay":false,"sceneViewState":{"m_AlwaysRefresh":false,"showFog":true,"showSkybox":true,"showFlares":true,"showImageEffects":true,"showParticleSystems":true,"showVisualEffectGraphs":true,"m_FxEnabled":true},"in2DMode":false,"pivot":{"x":0.7916769981384277,"y":-0.1546320915222168,"z":-0.7780303955078125},"rotation":{"x":0.13420602679252625,"y":0.26409295201301577,"z":-0.036589208990335467,"w":0.9548143148422241},"size":8.315378189086914,"orthographic":false}