{"cameraMode":{"drawMode":0,"name":"Shaded","section":"Shading Mode"},"sceneLighting":true,"audioPlay":false,"sceneViewState":{"m_AlwaysRefresh":false,"showFog":true,"showSkybox":true,"showFlares":true,"showImageEffects":true,"showParticleSystems":true,"showVisualEffectGraphs":true,"m_FxEnabled":true},"in2DMode":false,"pivot":{"x":0.1618785858154297,"y":3.126802921295166,"z":7.844691753387451},"rotation":{"x":0.07632559537887573,"y":0.8544109463691711,"z":-0.13122789561748506,"w":0.49694445729255679},"size":4.361319541931152,"orthographic":true}