{"cameraMode":{"drawMode":0,"name":"Shaded","section":"Shading Mode"},"sceneLighting":true,"audioPlay":false,"sceneViewState":{"m_AlwaysRefresh":false,"showFog":true,"showSkybox":true,"showFlares":true,"showImageEffects":true,"showParticleSystems":true,"showVisualEffectGraphs":true,"m_FxEnabled":true},"in2DMode":false,"pivot":{"x":-0.32062166929244997,"y":1.130448818206787,"z":-0.09777510166168213},"rotation":{"x":-0.13126592338085175,"y":-0.5635217428207398,"z":0.0911761149764061,"w":-0.8105754852294922},"size":1.4746664762496949,"orthographic":false}