{"cameraMode":{"drawMode":0,"name":"Shaded","section":"Shading Mode"},"sceneLighting":true,"audioPlay":false,"sceneViewState":{"m_AlwaysRefresh":false,"showFog":true,"showSkybox":true,"showFlares":true,"showImageEffects":true,"showParticleSystems":true,"showVisualEffectGraphs":true,"m_FxEnabled":true},"in2DMode":false,"pivot":{"x":-1.5837202072143555,"y":3.968971014022827,"z":-0.9350943565368652},"rotation":{"x":0.15617944300174714,"y":0.30649447441101076,"z":-0.05091839283704758,"w":0.9377129673957825},"size":9.282075881958008,"orthographic":true}