{"cameraMode":{"drawMode":0,"name":"Shaded","section":"Shading Mode"},"sceneLighting":true,"audioPlay":false,"sceneViewState":{"m_AlwaysRefresh":false,"showFog":true,"showSkybox":true,"showFlares":true,"showImageEffects":true,"showParticleSystems":true,"showVisualEffectGraphs":true,"m_FxEnabled":true},"in2DMode":false,"pivot":{"x":-0.3166646957397461,"y":1.3344247341156006,"z":-0.23361527919769288},"rotation":{"x":-0.13126592338085175,"y":-0.5635217428207398,"z":0.0911761149764061,"w":-0.8105754852294922},"size":3.4506914615631105,"orthographic":false}