{"cameraMode":{"drawMode":0,"name":"Shaded","section":"Shading Mode"},"sceneLighting":true,"audioPlay":false,"sceneViewState":{"m_AlwaysRefresh":false,"showFog":true,"showSkybox":true,"showFlares":true,"showImageEffects":true,"showParticleSystems":true,"showVisualEffectGraphs":true,"m_FxEnabled":true},"in2DMode":false,"pivot":{"x":-1.5097947120666505,"y":2.064671039581299,"z":0.2899341583251953},"rotation":{"x":0.15611332654953004,"y":0.16721290349960328,"z":-0.026605065912008287,"w":0.973314106464386},"size":10.189899444580079,"orthographic":false}