{"cameraMode":{"drawMode":0,"name":"Shaded","section":"Shading Mode"},"sceneLighting":false,"audioPlay":false,"sceneViewState":{"m_AlwaysRefresh":false,"showFog":true,"showSkybox":false,"showFlares":true,"showImageEffects":true,"showParticleSystems":true,"showVisualEffectGraphs":true,"m_FxEnabled":true},"in2DMode":false,"pivot":{"x":-0.08342152833938599,"y":-0.024940848350524904,"z":0.3807411193847656},"rotation":{"x":-0.014821777120232582,"y":0.9825934767723084,"z":-0.16210153698921204,"w":-0.08986643701791763},"size":4.052500247955322,"orthographic":false}