{"cameraMode":{"drawMode":0,"name":"Shaded","section":"Shading Mode"},"sceneLighting":false,"audioPlay":false,"sceneViewState":{"m_AlwaysRefresh":false,"showFog":true,"showSkybox":false,"showFlares":true,"showImageEffects":true,"showParticleSystems":true,"showVisualEffectGraphs":true,"m_FxEnabled":true},"in2DMode":false,"pivot":{"x":-0.06105911731719971,"y":0.6210906505584717,"z":0.015604376792907715},"rotation":{"x":-0.006684286054223776,"y":0.894929051399231,"z":-0.013432716950774193,"w":-0.4463481903076172},"size":2.282289505004883,"orthographic":false}