{"cameraMode":{"drawMode":0,"name":"Shaded","section":"Shading Mode"},"sceneLighting":false,"audioPlay":false,"sceneViewState":{"m_AlwaysRefresh":false,"showFog":true,"showSkybox":false,"showFlares":true,"showImageEffects":true,"showParticleSystems":true,"showVisualEffectGraphs":true,"m_FxEnabled":true},"in2DMode":false,"pivot":{"x":-0.02774226665496826,"y":0.8096945285797119,"z":-0.038050055503845218},"rotation":{"x":0.10420770198106766,"y":-0.2612285912036896,"z":0.02765531837940216,"w":0.9594399333000183},"size":3.1058804988861086,"orthographic":false}