{"cameraMode":{"drawMode":0,"name":"Shaded","section":"Shading Mode"},"sceneLighting":false,"audioPlay":false,"sceneViewState":{"m_AlwaysRefresh":false,"showFog":true,"showSkybox":false,"showFlares":true,"showImageEffects":true,"showParticleSystems":true,"showVisualEffectGraphs":true,"m_FxEnabled":true},"in2DMode":false,"pivot":{"x":0.21399840712547303,"y":1.836381435394287,"z":-0.11449000239372254},"rotation":{"x":0.14125801622867585,"y":-0.4533495604991913,"z":0.07485822588205338,"w":0.8772027492523193},"size":5.541895866394043,"orthographic":true}