{"cameraMode":{"drawMode":0,"name":"Shaded","section":"Shading Mode"},"sceneLighting":false,"audioPlay":false,"sceneViewState":{"m_AlwaysRefresh":false,"showFog":true,"showSkybox":false,"showFlares":true,"showImageEffects":true,"showParticleSystems":true,"showVisualEffectGraphs":true,"m_FxEnabled":true},"in2DMode":false,"pivot":{"x":-1.9771453142166138,"y":1.1924786567687989,"z":-0.03854665160179138},"rotation":{"x":-0.011579543352127076,"y":-0.9830962419509888,"z":0.06342669576406479,"w":-0.17274068295955659},"size":1.567490816116333,"orthographic":true}