{"cameraMode":{"drawMode":0,"name":"Shaded","section":"Shading Mode"},"sceneLighting":false,"audioPlay":false,"sceneViewState":{"m_AlwaysRefresh":false,"showFog":true,"showSkybox":false,"showFlares":true,"showImageEffects":true,"showParticleSystems":true,"showVisualEffectGraphs":true,"m_FxEnabled":true},"in2DMode":false,"pivot":{"x":-0.9862072467803955,"y":0.7358211278915405,"z":-0.1451355218887329},"rotation":{"x":-0.13445061445236207,"y":-0.8106473088264465,"z":0.20482489466667176,"w":-0.5320213437080383},"size":0.3535533845424652,"orthographic":false}