{"cameraMode":{"drawMode":0,"name":"Shaded","section":"Shading Mode"},"sceneLighting":false,"audioPlay":false,"sceneViewState":{"m_AlwaysRefresh":false,"showFog":true,"showSkybox":false,"showFlares":true,"showImageEffects":true,"showParticleSystems":true,"showVisualEffectGraphs":true,"m_FxEnabled":true},"in2DMode":false,"pivot":{"x":-0.07797861099243164,"y":-0.6389281749725342,"z":0.2320556491613388},"rotation":{"x":-0.13445061445236207,"y":-0.8106473088264465,"z":0.20482489466667176,"w":-0.5320213437080383},"size":3.157358169555664,"orthographic":false}